source_type,source_dataset,dataset_version,pre_body_id,pre_instance,pre_cell_type,post_body_id,post_instance,post_cell_type,synapse_count,reference,verification_status,notes
CONNECTOME_DERIVED,MaleCNS,male-cns:v1.0,22847,LC4_R,LC4,10001,DNp01(GF)_R,DNp01,67,https://neuprint.janelia.org/api/custom/custom,DIRECT_CONNECTOME,Direct ConnectsTo edge returned by neuPrint
CONNECTOME_DERIVED,MaleCNS,male-cns:v1.0,16128,LC4_R,LC4,10001,DNp01(GF)_R,DNp01,65,https://neuprint.janelia.org/api/custom/custom,DIRECT_CONNECTOME,Direct ConnectsTo edge returned by neuPrint
CONNECTOME_DERIVED,MaleCNS,male-cns:v1.0,24338,LC4_R,LC4,10001,DNp01(GF)_R,DNp01,63,https://neuprint.janelia.org/api/custom/custom,DIRECT_CONNECTOME,Direct ConnectsTo edge returned by neuPrint
CONNECTOME_DERIVED,MaleCNS,male-cns:v1.0,17668,LC4_R,LC4,10001,DNp01(GF)_R,DNp01,63,https://neuprint.janelia.org/api/custom/custom,DIRECT_CONNECTOME,Direct ConnectsTo edge returned by neuPrint
CONNECTOME_DERIVED,MaleCNS,male-cns:v1.0,20399,LC4_R,LC4,10001,DNp01(GF)_R,DNp01,62,https://neuprint.janelia.org/api/custom/custom,DIRECT_CONNECTOME,Direct ConnectsTo edge returned by neuPrint
CONNECTOME_DERIVED,MaleCNS,male-cns:v1.0,22966,LC4_R,LC4,10001,DNp01(GF)_R,DNp01,61,https://neuprint.janelia.org/api/custom/custom,DIRECT_CONNECTOME,Direct ConnectsTo edge returned by neuPrint
CONNECTOME_DERIVED,MaleCNS,male-cns:v1.0,22194,LC4_R,LC4,10001,DNp01(GF)_R,DNp01,59,https://neuprint.janelia.org/api/custom/custom,DIRECT_CONNECTOME,Direct ConnectsTo edge returned by neuPrint
CONNECTOME_DERIVED,MaleCNS,male-cns:v1.0,22975,LC4_R,LC4,10001,DNp01(GF)_R,DNp01,58,https://neuprint.janelia.org/api/custom/custom,DIRECT_CONNECTOME,Direct ConnectsTo edge returned by neuPrint
CONNECTOME_DERIVED,MaleCNS,male-cns:v1.0,30803,LC4_R,LC4,10001,DNp01(GF)_R,DNp01,57,https://neuprint.janelia.org/api/custom/custom,DIRECT_CONNECTOME,Direct ConnectsTo edge returned by neuPrint
CONNECTOME_DERIVED,MaleCNS,male-cns:v1.0,18127,LC4_R,LC4,10001,DNp01(GF)_R,DNp01,57,https://neuprint.janelia.org/api/custom/custom,DIRECT_CONNECTOME,Direct ConnectsTo edge returned by neuPrint
CONNECTOME_DERIVED,MaleCNS,male-cns:v1.0,23929,LC4_R,LC4,10001,DNp01(GF)_R,DNp01,56,https://neuprint.janelia.org/api/custom/custom,DIRECT_CONNECTOME,Direct ConnectsTo edge returned by neuPrint
CONNECTOME_DERIVED,MaleCNS,male-cns:v1.0,23392,LC4_R,LC4,10001,DNp01(GF)_R,DNp01,56,https://neuprint.janelia.org/api/custom/custom,DIRECT_CONNECTOME,Direct ConnectsTo edge returned by neuPrint
CONNECTOME_DERIVED,MaleCNS,male-cns:v1.0,19634,LC4_R,LC4,10001,DNp01(GF)_R,DNp01,56,https://neuprint.janelia.org/api/custom/custom,DIRECT_CONNECTOME,Direct ConnectsTo edge returned by neuPrint
CONNECTOME_DERIVED,MaleCNS,male-cns:v1.0,21336,LC4_R,LC4,10001,DNp01(GF)_R,DNp01,55,https://neuprint.janelia.org/api/custom/custom,DIRECT_CONNECTOME,Direct ConnectsTo edge returned by neuPrint
CONNECTOME_DERIVED,MaleCNS,male-cns:v1.0,26112,LC4_R,LC4,10001,DNp01(GF)_R,DNp01,53,https://neuprint.janelia.org/api/custom/custom,DIRECT_CONNECTOME,Direct ConnectsTo edge returned by neuPrint
CONNECTOME_DERIVED,MaleCNS,male-cns:v1.0,16628,LC4_R,LC4,10001,DNp01(GF)_R,DNp01,53,https://neuprint.janelia.org/api/custom/custom,DIRECT_CONNECTOME,Direct ConnectsTo edge returned by neuPrint
CONNECTOME_DERIVED,MaleCNS,male-cns:v1.0,23792,LC4_R,LC4,10001,DNp01(GF)_R,DNp01,52,https://neuprint.janelia.org/api/custom/custom,DIRECT_CONNECTOME,Direct ConnectsTo edge returned by neuPrint
CONNECTOME_DERIVED,MaleCNS,male-cns:v1.0,21225,LC4_R,LC4,10001,DNp01(GF)_R,DNp01,52,https://neuprint.janelia.org/api/custom/custom,DIRECT_CONNECTOME,Direct ConnectsTo edge returned by neuPrint
CONNECTOME_DERIVED,MaleCNS,male-cns:v1.0,16138,LC4_R,LC4,10001,DNp01(GF)_R,DNp01,52,https://neuprint.janelia.org/api/custom/custom,DIRECT_CONNECTOME,Direct ConnectsTo edge returned by neuPrint
CONNECTOME_DERIVED,MaleCNS,male-cns:v1.0,17860,LC4_R,LC4,10001,DNp01(GF)_R,DNp01,50,https://neuprint.janelia.org/api/custom/custom,DIRECT_CONNECTOME,Direct ConnectsTo edge returned by neuPrint
CONNECTOME_DERIVED,MaleCNS,male-cns:v1.0,19543,LC4_R,LC4,10001,DNp01(GF)_R,DNp01,49,https://neuprint.janelia.org/api/custom/custom,DIRECT_CONNECTOME,Direct ConnectsTo edge returned by neuPrint
CONNECTOME_DERIVED,MaleCNS,male-cns:v1.0,21804,LC4_R,LC4,10001,DNp01(GF)_R,DNp01,48,https://neuprint.janelia.org/api/custom/custom,DIRECT_CONNECTOME,Direct ConnectsTo edge returned by neuPrint
CONNECTOME_DERIVED,MaleCNS,male-cns:v1.0,17926,LC4_R,LC4,10001,DNp01(GF)_R,DNp01,48,https://neuprint.janelia.org/api/custom/custom,DIRECT_CONNECTOME,Direct ConnectsTo edge returned by neuPrint
CONNECTOME_DERIVED,MaleCNS,male-cns:v1.0,17364,LC4_R,LC4,10001,DNp01(GF)_R,DNp01,48,https://neuprint.janelia.org/api/custom/custom,DIRECT_CONNECTOME,Direct ConnectsTo edge returned by neuPrint
CONNECTOME_DERIVED,MaleCNS,male-cns:v1.0,527408,LC4_R,LC4,10001,DNp01(GF)_R,DNp01,47,https://neuprint.janelia.org/api/custom/custom,DIRECT_CONNECTOME,Direct ConnectsTo edge returned by neuPrint
CONNECTOME_DERIVED,MaleCNS,male-cns:v1.0,22328,LC4_R,LC4,10001,DNp01(GF)_R,DNp01,47,https://neuprint.janelia.org/api/custom/custom,DIRECT_CONNECTOME,Direct ConnectsTo edge returned by neuPrint
CONNECTOME_DERIVED,MaleCNS,male-cns:v1.0,20542,LC4_R,LC4,10001,DNp01(GF)_R,DNp01,47,https://neuprint.janelia.org/api/custom/custom,DIRECT_CONNECTOME,Direct ConnectsTo edge returned by neuPrint
CONNECTOME_DERIVED,MaleCNS,male-cns:v1.0,17266,LC4_R,LC4,10001,DNp01(GF)_R,DNp01,47,https://neuprint.janelia.org/api/custom/custom,DIRECT_CONNECTOME,Direct ConnectsTo edge returned by neuPrint
CONNECTOME_DERIVED,MaleCNS,male-cns:v1.0,20016,LC4_R,LC4,10001,DNp01(GF)_R,DNp01,46,https://neuprint.janelia.org/api/custom/custom,DIRECT_CONNECTOME,Direct ConnectsTo edge returned by neuPrint
CONNECTOME_DERIVED,MaleCNS,male-cns:v1.0,18189,LC4_R,LC4,10001,DNp01(GF)_R,DNp01,46,https://neuprint.janelia.org/api/custom/custom,DIRECT_CONNECTOME,Direct ConnectsTo edge returned by neuPrint
CONNECTOME_DERIVED,MaleCNS,male-cns:v1.0,30480,LC4_R,LC4,10001,DNp01(GF)_R,DNp01,45,https://neuprint.janelia.org/api/custom/custom,DIRECT_CONNECTOME,Direct ConnectsTo edge returned by neuPrint
CONNECTOME_DERIVED,MaleCNS,male-cns:v1.0,19420,LC4_R,LC4,10001,DNp01(GF)_R,DNp01,45,https://neuprint.janelia.org/api/custom/custom,DIRECT_CONNECTOME,Direct ConnectsTo edge returned by neuPrint
CONNECTOME_DERIVED,MaleCNS,male-cns:v1.0,20673,LC4_R,LC4,10001,DNp01(GF)_R,DNp01,44,https://neuprint.janelia.org/api/custom/custom,DIRECT_CONNECTOME,Direct ConnectsTo edge returned by neuPrint
CONNECTOME_DERIVED,MaleCNS,male-cns:v1.0,19794,LC4_R,LC4,10001,DNp01(GF)_R,DNp01,44,https://neuprint.janelia.org/api/custom/custom,DIRECT_CONNECTOME,Direct ConnectsTo edge returned by neuPrint
CONNECTOME_DERIVED,MaleCNS,male-cns:v1.0,21287,LC4_R,LC4,10001,DNp01(GF)_R,DNp01,43,https://neuprint.janelia.org/api/custom/custom,DIRECT_CONNECTOME,Direct ConnectsTo edge returned by neuPrint
CONNECTOME_DERIVED,MaleCNS,male-cns:v1.0,20588,LC4_R,LC4,10001,DNp01(GF)_R,DNp01,43,https://neuprint.janelia.org/api/custom/custom,DIRECT_CONNECTOME,Direct ConnectsTo edge returned by neuPrint
CONNECTOME_DERIVED,MaleCNS,male-cns:v1.0,28945,LC4_R,LC4,10001,DNp01(GF)_R,DNp01,42,https://neuprint.janelia.org/api/custom/custom,DIRECT_CONNECTOME,Direct ConnectsTo edge returned by neuPrint
CONNECTOME_DERIVED,MaleCNS,male-cns:v1.0,22034,LC4_R,LC4,10001,DNp01(GF)_R,DNp01,42,https://neuprint.janelia.org/api/custom/custom,DIRECT_CONNECTOME,Direct ConnectsTo edge returned by neuPrint
CONNECTOME_DERIVED,MaleCNS,male-cns:v1.0,20917,LC4_R,LC4,10001,DNp01(GF)_R,DNp01,42,https://neuprint.janelia.org/api/custom/custom,DIRECT_CONNECTOME,Direct ConnectsTo edge returned by neuPrint
CONNECTOME_DERIVED,MaleCNS,male-cns:v1.0,20808,LC4_R,LC4,10001,DNp01(GF)_R,DNp01,42,https://neuprint.janelia.org/api/custom/custom,DIRECT_CONNECTOME,Direct ConnectsTo edge returned by neuPrint
CONNECTOME_DERIVED,MaleCNS,male-cns:v1.0,21313,LC4_R,LC4,10001,DNp01(GF)_R,DNp01,41,https://neuprint.janelia.org/api/custom/custom,DIRECT_CONNECTOME,Direct ConnectsTo edge returned by neuPrint
CONNECTOME_DERIVED,MaleCNS,male-cns:v1.0,29563,LC4_R,LC4,10001,DNp01(GF)_R,DNp01,40,https://neuprint.janelia.org/api/custom/custom,DIRECT_CONNECTOME,Direct ConnectsTo edge returned by neuPrint
CONNECTOME_DERIVED,MaleCNS,male-cns:v1.0,21151,LC4_R,LC4,10001,DNp01(GF)_R,DNp01,40,https://neuprint.janelia.org/api/custom/custom,DIRECT_CONNECTOME,Direct ConnectsTo edge returned by neuPrint
CONNECTOME_DERIVED,MaleCNS,male-cns:v1.0,17987,LC4_R,LC4,10001,DNp01(GF)_R,DNp01,39,https://neuprint.janelia.org/api/custom/custom,DIRECT_CONNECTOME,Direct ConnectsTo edge returned by neuPrint
CONNECTOME_DERIVED,MaleCNS,male-cns:v1.0,19954,LC4_R,LC4,10001,DNp01(GF)_R,DNp01,38,https://neuprint.janelia.org/api/custom/custom,DIRECT_CONNECTOME,Direct ConnectsTo edge returned by neuPrint
CONNECTOME_DERIVED,MaleCNS,male-cns:v1.0,19260,LC4_R,LC4,10001,DNp01(GF)_R,DNp01,37,https://neuprint.janelia.org/api/custom/custom,DIRECT_CONNECTOME,Direct ConnectsTo edge returned by neuPrint
CONNECTOME_DERIVED,MaleCNS,male-cns:v1.0,17054,LC4_R,LC4,10001,DNp01(GF)_R,DNp01,37,https://neuprint.janelia.org/api/custom/custom,DIRECT_CONNECTOME,Direct ConnectsTo edge returned by neuPrint
CONNECTOME_DERIVED,MaleCNS,male-cns:v1.0,38065,LC4_R,LC4,10001,DNp01(GF)_R,DNp01,36,https://neuprint.janelia.org/api/custom/custom,DIRECT_CONNECTOME,Direct ConnectsTo edge returned by neuPrint
CONNECTOME_DERIVED,MaleCNS,male-cns:v1.0,31262,LC4_R,LC4,10001,DNp01(GF)_R,DNp01,36,https://neuprint.janelia.org/api/custom/custom,DIRECT_CONNECTOME,Direct ConnectsTo edge returned by neuPrint
CONNECTOME_DERIVED,MaleCNS,male-cns:v1.0,20282,LC4_R,LC4,10001,DNp01(GF)_R,DNp01,35,https://neuprint.janelia.org/api/custom/custom,DIRECT_CONNECTOME,Direct ConnectsTo edge returned by neuPrint
CONNECTOME_DERIVED,MaleCNS,male-cns:v1.0,17548,LC4_R,LC4,10001,DNp01(GF)_R,DNp01,35,https://neuprint.janelia.org/api/custom/custom,DIRECT_CONNECTOME,Direct ConnectsTo edge returned by neuPrint
CONNECTOME_DERIVED,MaleCNS,male-cns:v1.0,23098,LC4_R,LC4,10001,DNp01(GF)_R,DNp01,32,https://neuprint.janelia.org/api/custom/custom,DIRECT_CONNECTOME,Direct ConnectsTo edge returned by neuPrint
CONNECTOME_DERIVED,MaleCNS,male-cns:v1.0,21165,LC4_R,LC4,10001,DNp01(GF)_R,DNp01,31,https://neuprint.janelia.org/api/custom/custom,DIRECT_CONNECTOME,Direct ConnectsTo edge returned by neuPrint
CONNECTOME_DERIVED,MaleCNS,male-cns:v1.0,25584,LC4_R,LC4,10001,DNp01(GF)_R,DNp01,30,https://neuprint.janelia.org/api/custom/custom,DIRECT_CONNECTOME,Direct ConnectsTo edge returned by neuPrint
CONNECTOME_DERIVED,MaleCNS,male-cns:v1.0,19550,LC4_R,LC4,10001,DNp01(GF)_R,DNp01,21,https://neuprint.janelia.org/api/custom/custom,DIRECT_CONNECTOME,Direct ConnectsTo edge returned by neuPrint
CONNECTOME_DERIVED,MaleCNS,male-cns:v1.0,17478,LC4_L,LC4,10010,DNp01(GF)_L,DNp01,86,https://neuprint.janelia.org/api/custom/custom,DIRECT_CONNECTOME,Direct ConnectsTo edge returned by neuPrint
CONNECTOME_DERIVED,MaleCNS,male-cns:v1.0,17653,LC4_L,LC4,10010,DNp01(GF)_L,DNp01,83,https://neuprint.janelia.org/api/custom/custom,DIRECT_CONNECTOME,Direct ConnectsTo edge returned by neuPrint
CONNECTOME_DERIVED,MaleCNS,male-cns:v1.0,518439,LC4_L,LC4,10010,DNp01(GF)_L,DNp01,82,https://neuprint.janelia.org/api/custom/custom,DIRECT_CONNECTOME,Direct ConnectsTo edge returned by neuPrint
CONNECTOME_DERIVED,MaleCNS,male-cns:v1.0,20859,LC4_L,LC4,10010,DNp01(GF)_L,DNp01,81,https://neuprint.janelia.org/api/custom/custom,DIRECT_CONNECTOME,Direct ConnectsTo edge returned by neuPrint
CONNECTOME_DERIVED,MaleCNS,male-cns:v1.0,29469,LC4_L,LC4,10010,DNp01(GF)_L,DNp01,73,https://neuprint.janelia.org/api/custom/custom,DIRECT_CONNECTOME,Direct ConnectsTo edge returned by neuPrint
CONNECTOME_DERIVED,MaleCNS,male-cns:v1.0,533129,LC4_L,LC4,10010,DNp01(GF)_L,DNp01,69,https://neuprint.janelia.org/api/custom/custom,DIRECT_CONNECTOME,Direct ConnectsTo edge returned by neuPrint
CONNECTOME_DERIVED,MaleCNS,male-cns:v1.0,32597,LC4_L,LC4,10010,DNp01(GF)_L,DNp01,69,https://neuprint.janelia.org/api/custom/custom,DIRECT_CONNECTOME,Direct ConnectsTo edge returned by neuPrint
CONNECTOME_DERIVED,MaleCNS,male-cns:v1.0,512366,LC4_L,LC4,10010,DNp01(GF)_L,DNp01,65,https://neuprint.janelia.org/api/custom/custom,DIRECT_CONNECTOME,Direct ConnectsTo edge returned by neuPrint
CONNECTOME_DERIVED,MaleCNS,male-cns:v1.0,524899,LC4_L,LC4,10010,DNp01(GF)_L,DNp01,64,https://neuprint.janelia.org/api/custom/custom,DIRECT_CONNECTOME,Direct ConnectsTo edge returned by neuPrint
CONNECTOME_DERIVED,MaleCNS,male-cns:v1.0,515476,LC4_L,LC4,10010,DNp01(GF)_L,DNp01,64,https://neuprint.janelia.org/api/custom/custom,DIRECT_CONNECTOME,Direct ConnectsTo edge returned by neuPrint
CONNECTOME_DERIVED,MaleCNS,male-cns:v1.0,27829,LC4_L,LC4,10010,DNp01(GF)_L,DNp01,64,https://neuprint.janelia.org/api/custom/custom,DIRECT_CONNECTOME,Direct ConnectsTo edge returned by neuPrint
CONNECTOME_DERIVED,MaleCNS,male-cns:v1.0,17270,LC4_L,LC4,10010,DNp01(GF)_L,DNp01,63,https://neuprint.janelia.org/api/custom/custom,DIRECT_CONNECTOME,Direct ConnectsTo edge returned by neuPrint
CONNECTOME_DERIVED,MaleCNS,male-cns:v1.0,530029,LC4_L,LC4,10010,DNp01(GF)_L,DNp01,62,https://neuprint.janelia.org/api/custom/custom,DIRECT_CONNECTOME,Direct ConnectsTo edge returned by neuPrint
CONNECTOME_DERIVED,MaleCNS,male-cns:v1.0,22772,LC4_L,LC4,10010,DNp01(GF)_L,DNp01,62,https://neuprint.janelia.org/api/custom/custom,DIRECT_CONNECTOME,Direct ConnectsTo edge returned by neuPrint
CONNECTOME_DERIVED,MaleCNS,male-cns:v1.0,16917,LC4_L,LC4,10010,DNp01(GF)_L,DNp01,62,https://neuprint.janelia.org/api/custom/custom,DIRECT_CONNECTOME,Direct ConnectsTo edge returned by neuPrint
CONNECTOME_DERIVED,MaleCNS,male-cns:v1.0,12349,LC4_L,LC4,10010,DNp01(GF)_L,DNp01,62,https://neuprint.janelia.org/api/custom/custom,DIRECT_CONNECTOME,Direct ConnectsTo edge returned by neuPrint
CONNECTOME_DERIVED,MaleCNS,male-cns:v1.0,12032,LC4_L,LC4,10010,DNp01(GF)_L,DNp01,62,https://neuprint.janelia.org/api/custom/custom,DIRECT_CONNECTOME,Direct ConnectsTo edge returned by neuPrint
CONNECTOME_DERIVED,MaleCNS,male-cns:v1.0,35616,LC4_L,LC4,10010,DNp01(GF)_L,DNp01,61,https://neuprint.janelia.org/api/custom/custom,DIRECT_CONNECTOME,Direct ConnectsTo edge returned by neuPrint
CONNECTOME_DERIVED,MaleCNS,male-cns:v1.0,31301,LC4_L,LC4,10010,DNp01(GF)_L,DNp01,61,https://neuprint.janelia.org/api/custom/custom,DIRECT_CONNECTOME,Direct ConnectsTo edge returned by neuPrint
CONNECTOME_DERIVED,MaleCNS,male-cns:v1.0,514956,LC4_L,LC4,10010,DNp01(GF)_L,DNp01,60,https://neuprint.janelia.org/api/custom/custom,DIRECT_CONNECTOME,Direct ConnectsTo edge returned by neuPrint
CONNECTOME_DERIVED,MaleCNS,male-cns:v1.0,27750,LC4_L,LC4,10010,DNp01(GF)_L,DNp01,59,https://neuprint.janelia.org/api/custom/custom,DIRECT_CONNECTOME,Direct ConnectsTo edge returned by neuPrint
CONNECTOME_DERIVED,MaleCNS,male-cns:v1.0,18396,LC4_L,LC4,10010,DNp01(GF)_L,DNp01,59,https://neuprint.janelia.org/api/custom/custom,DIRECT_CONNECTOME,Direct ConnectsTo edge returned by neuPrint
CONNECTOME_DERIVED,MaleCNS,male-cns:v1.0,100485,LC4_L,LC4,10010,DNp01(GF)_L,DNp01,58,https://neuprint.janelia.org/api/custom/custom,DIRECT_CONNECTOME,Direct ConnectsTo edge returned by neuPrint
CONNECTOME_DERIVED,MaleCNS,male-cns:v1.0,29514,LC4_L,LC4,10010,DNp01(GF)_L,DNp01,58,https://neuprint.janelia.org/api/custom/custom,DIRECT_CONNECTOME,Direct ConnectsTo edge returned by neuPrint
CONNECTOME_DERIVED,MaleCNS,male-cns:v1.0,18478,LC4_L,LC4,10010,DNp01(GF)_L,DNp01,58,https://neuprint.janelia.org/api/custom/custom,DIRECT_CONNECTOME,Direct ConnectsTo edge returned by neuPrint
CONNECTOME_DERIVED,MaleCNS,male-cns:v1.0,12824,LC4_L,LC4,10010,DNp01(GF)_L,DNp01,58,https://neuprint.janelia.org/api/custom/custom,DIRECT_CONNECTOME,Direct ConnectsTo edge returned by neuPrint
CONNECTOME_DERIVED,MaleCNS,male-cns:v1.0,20976,LC4_L,LC4,10010,DNp01(GF)_L,DNp01,57,https://neuprint.janelia.org/api/custom/custom,DIRECT_CONNECTOME,Direct ConnectsTo edge returned by neuPrint
CONNECTOME_DERIVED,MaleCNS,male-cns:v1.0,35262,LC4_L,LC4,10010,DNp01(GF)_L,DNp01,56,https://neuprint.janelia.org/api/custom/custom,DIRECT_CONNECTOME,Direct ConnectsTo edge returned by neuPrint
CONNECTOME_DERIVED,MaleCNS,male-cns:v1.0,517752,LC4_L,LC4,10010,DNp01(GF)_L,DNp01,55,https://neuprint.janelia.org/api/custom/custom,DIRECT_CONNECTOME,Direct ConnectsTo edge returned by neuPrint
CONNECTOME_DERIVED,MaleCNS,male-cns:v1.0,81112,LC4_L,LC4,10010,DNp01(GF)_L,DNp01,55,https://neuprint.janelia.org/api/custom/custom,DIRECT_CONNECTOME,Direct ConnectsTo edge returned by neuPrint
CONNECTOME_DERIVED,MaleCNS,male-cns:v1.0,20572,LC4_L,LC4,10010,DNp01(GF)_L,DNp01,55,https://neuprint.janelia.org/api/custom/custom,DIRECT_CONNECTOME,Direct ConnectsTo edge returned by neuPrint
CONNECTOME_DERIVED,MaleCNS,male-cns:v1.0,14888,LC4_L,LC4,10010,DNp01(GF)_L,DNp01,55,https://neuprint.janelia.org/api/custom/custom,DIRECT_CONNECTOME,Direct ConnectsTo edge returned by neuPrint
CONNECTOME_DERIVED,MaleCNS,male-cns:v1.0,515900,LC4_L,LC4,10010,DNp01(GF)_L,DNp01,54,https://neuprint.janelia.org/api/custom/custom,DIRECT_CONNECTOME,Direct ConnectsTo edge returned by neuPrint
CONNECTOME_DERIVED,MaleCNS,male-cns:v1.0,511914,LC4_L,LC4,10010,DNp01(GF)_L,DNp01,54,https://neuprint.janelia.org/api/custom/custom,DIRECT_CONNECTOME,Direct ConnectsTo edge returned by neuPrint
CONNECTOME_DERIVED,MaleCNS,male-cns:v1.0,23202,LC4_L,LC4,10010,DNp01(GF)_L,DNp01,54,https://neuprint.janelia.org/api/custom/custom,DIRECT_CONNECTOME,Direct ConnectsTo edge returned by neuPrint
CONNECTOME_DERIVED,MaleCNS,male-cns:v1.0,512705,LC4_L,LC4,10010,DNp01(GF)_L,DNp01,53,https://neuprint.janelia.org/api/custom/custom,DIRECT_CONNECTOME,Direct ConnectsTo edge returned by neuPrint
CONNECTOME_DERIVED,MaleCNS,male-cns:v1.0,77614,LC4_L,LC4,10010,DNp01(GF)_L,DNp01,52,https://neuprint.janelia.org/api/custom/custom,DIRECT_CONNECTOME,Direct ConnectsTo edge returned by neuPrint
CONNECTOME_DERIVED,MaleCNS,male-cns:v1.0,23226,LC4_L,LC4,10010,DNp01(GF)_L,DNp01,52,https://neuprint.janelia.org/api/custom/custom,DIRECT_CONNECTOME,Direct ConnectsTo edge returned by neuPrint
CONNECTOME_DERIVED,MaleCNS,male-cns:v1.0,22922,LC4_L,LC4,10010,DNp01(GF)_L,DNp01,52,https://neuprint.janelia.org/api/custom/custom,DIRECT_CONNECTOME,Direct ConnectsTo edge returned by neuPrint
CONNECTOME_DERIVED,MaleCNS,male-cns:v1.0,18432,LC4_L,LC4,10010,DNp01(GF)_L,DNp01,52,https://neuprint.janelia.org/api/custom/custom,DIRECT_CONNECTOME,Direct ConnectsTo edge returned by neuPrint
CONNECTOME_DERIVED,MaleCNS,male-cns:v1.0,518730,LC4_L,LC4,10010,DNp01(GF)_L,DNp01,51,https://neuprint.janelia.org/api/custom/custom,DIRECT_CONNECTOME,Direct ConnectsTo edge returned by neuPrint
CONNECTOME_DERIVED,MaleCNS,male-cns:v1.0,37587,LC4_L,LC4,10010,DNp01(GF)_L,DNp01,51,https://neuprint.janelia.org/api/custom/custom,DIRECT_CONNECTOME,Direct ConnectsTo edge returned by neuPrint
CONNECTOME_DERIVED,MaleCNS,male-cns:v1.0,34845,LC4_L,LC4,10010,DNp01(GF)_L,DNp01,51,https://neuprint.janelia.org/api/custom/custom,DIRECT_CONNECTOME,Direct ConnectsTo edge returned by neuPrint
CONNECTOME_DERIVED,MaleCNS,male-cns:v1.0,30087,LC4_L,LC4,10010,DNp01(GF)_L,DNp01,51,https://neuprint.janelia.org/api/custom/custom,DIRECT_CONNECTOME,Direct ConnectsTo edge returned by neuPrint
CONNECTOME_DERIVED,MaleCNS,male-cns:v1.0,28980,LC4_L,LC4,10010,DNp01(GF)_L,DNp01,51,https://neuprint.janelia.org/api/custom/custom,DIRECT_CONNECTOME,Direct ConnectsTo edge returned by neuPrint
CONNECTOME_DERIVED,MaleCNS,male-cns:v1.0,27624,LC4_L,LC4,10010,DNp01(GF)_L,DNp01,51,https://neuprint.janelia.org/api/custom/custom,DIRECT_CONNECTOME,Direct ConnectsTo edge returned by neuPrint
CONNECTOME_DERIVED,MaleCNS,male-cns:v1.0,21721,LC4_L,LC4,10010,DNp01(GF)_L,DNp01,51,https://neuprint.janelia.org/api/custom/custom,DIRECT_CONNECTOME,Direct ConnectsTo edge returned by neuPrint
CONNECTOME_DERIVED,MaleCNS,male-cns:v1.0,518544,LC4_L,LC4,10010,DNp01(GF)_L,DNp01,47,https://neuprint.janelia.org/api/custom/custom,DIRECT_CONNECTOME,Direct ConnectsTo edge returned by neuPrint
CONNECTOME_DERIVED,MaleCNS,male-cns:v1.0,516909,LC4_L,LC4,10010,DNp01(GF)_L,DNp01,47,https://neuprint.janelia.org/api/custom/custom,DIRECT_CONNECTOME,Direct ConnectsTo edge returned by neuPrint
CONNECTOME_DERIVED,MaleCNS,male-cns:v1.0,519650,LC4_L,LC4,10010,DNp01(GF)_L,DNp01,46,https://neuprint.janelia.org/api/custom/custom,DIRECT_CONNECTOME,Direct ConnectsTo edge returned by neuPrint
CONNECTOME_DERIVED,MaleCNS,male-cns:v1.0,518983,LC4_L,LC4,10010,DNp01(GF)_L,DNp01,46,https://neuprint.janelia.org/api/custom/custom,DIRECT_CONNECTOME,Direct ConnectsTo edge returned by neuPrint
CONNECTOME_DERIVED,MaleCNS,male-cns:v1.0,17608,LC4_L,LC4,10010,DNp01(GF)_L,DNp01,46,https://neuprint.janelia.org/api/custom/custom,DIRECT_CONNECTOME,Direct ConnectsTo edge returned by neuPrint
CONNECTOME_DERIVED,MaleCNS,male-cns:v1.0,31429,LC4_L,LC4,10010,DNp01(GF)_L,DNp01,45,https://neuprint.janelia.org/api/custom/custom,DIRECT_CONNECTOME,Direct ConnectsTo edge returned by neuPrint
CONNECTOME_DERIVED,MaleCNS,male-cns:v1.0,20440,LC4_L,LC4,10010,DNp01(GF)_L,DNp01,45,https://neuprint.janelia.org/api/custom/custom,DIRECT_CONNECTOME,Direct ConnectsTo edge returned by neuPrint
CONNECTOME_DERIVED,MaleCNS,male-cns:v1.0,31308,LC4_L,LC4,10010,DNp01(GF)_L,DNp01,43,https://neuprint.janelia.org/api/custom/custom,DIRECT_CONNECTOME,Direct ConnectsTo edge returned by neuPrint
CONNECTOME_DERIVED,MaleCNS,male-cns:v1.0,520449,LC4_L,LC4,10010,DNp01(GF)_L,DNp01,42,https://neuprint.janelia.org/api/custom/custom,DIRECT_CONNECTOME,Direct ConnectsTo edge returned by neuPrint
CONNECTOME_DERIVED,MaleCNS,male-cns:v1.0,24523,LC4_L,LC4,10010,DNp01(GF)_L,DNp01,42,https://neuprint.janelia.org/api/custom/custom,DIRECT_CONNECTOME,Direct ConnectsTo edge returned by neuPrint
CONNECTOME_DERIVED,MaleCNS,male-cns:v1.0,514508,LC4_L,LC4,10010,DNp01(GF)_L,DNp01,41,https://neuprint.janelia.org/api/custom/custom,DIRECT_CONNECTOME,Direct ConnectsTo edge returned by neuPrint
CONNECTOME_DERIVED,MaleCNS,male-cns:v1.0,29417,LC4_L,LC4,10010,DNp01(GF)_L,DNp01,41,https://neuprint.janelia.org/api/custom/custom,DIRECT_CONNECTOME,Direct ConnectsTo edge returned by neuPrint
CONNECTOME_DERIVED,MaleCNS,male-cns:v1.0,16809,LC4_L,LC4,10010,DNp01(GF)_L,DNp01,40,https://neuprint.janelia.org/api/custom/custom,DIRECT_CONNECTOME,Direct ConnectsTo edge returned by neuPrint
CONNECTOME_DERIVED,MaleCNS,male-cns:v1.0,15018,LC4_L,LC4,10010,DNp01(GF)_L,DNp01,40,https://neuprint.janelia.org/api/custom/custom,DIRECT_CONNECTOME,Direct ConnectsTo edge returned by neuPrint
CONNECTOME_DERIVED,MaleCNS,male-cns:v1.0,518016,LC4_L,LC4,10010,DNp01(GF)_L,DNp01,39,https://neuprint.janelia.org/api/custom/custom,DIRECT_CONNECTOME,Direct ConnectsTo edge returned by neuPrint
CONNECTOME_DERIVED,MaleCNS,male-cns:v1.0,107513,LC4_L,LC4,10010,DNp01(GF)_L,DNp01,39,https://neuprint.janelia.org/api/custom/custom,DIRECT_CONNECTOME,Direct ConnectsTo edge returned by neuPrint
CONNECTOME_DERIVED,MaleCNS,male-cns:v1.0,33137,LC4_L,LC4,10010,DNp01(GF)_L,DNp01,39,https://neuprint.janelia.org/api/custom/custom,DIRECT_CONNECTOME,Direct ConnectsTo edge returned by neuPrint
CONNECTOME_DERIVED,MaleCNS,male-cns:v1.0,20967,LC4_L,LC4,10010,DNp01(GF)_L,DNp01,38,https://neuprint.janelia.org/api/custom/custom,DIRECT_CONNECTOME,Direct ConnectsTo edge returned by neuPrint
CONNECTOME_DERIVED,MaleCNS,male-cns:v1.0,519931,LC4_L,LC4,10010,DNp01(GF)_L,DNp01,37,https://neuprint.janelia.org/api/custom/custom,DIRECT_CONNECTOME,Direct ConnectsTo edge returned by neuPrint
CONNECTOME_DERIVED,MaleCNS,male-cns:v1.0,532254,LC4_L,LC4,10010,DNp01(GF)_L,DNp01,34,https://neuprint.janelia.org/api/custom/custom,DIRECT_CONNECTOME,Direct ConnectsTo edge returned by neuPrint
CONNECTOME_DERIVED,MaleCNS,male-cns:v1.0,17340,LC4_L,LC4,10010,DNp01(GF)_L,DNp01,33,https://neuprint.janelia.org/api/custom/custom,DIRECT_CONNECTOME,Direct ConnectsTo edge returned by neuPrint
CONNECTOME_DERIVED,MaleCNS,male-cns:v1.0,535341,LC4_L,LC4,10010,DNp01(GF)_L,DNp01,32,https://neuprint.janelia.org/api/custom/custom,DIRECT_CONNECTOME,Direct ConnectsTo edge returned by neuPrint
CONNECTOME_DERIVED,MaleCNS,male-cns:v1.0,526286,LC4_L,LC4,10010,DNp01(GF)_L,DNp01,32,https://neuprint.janelia.org/api/custom/custom,DIRECT_CONNECTOME,Direct ConnectsTo edge returned by neuPrint
CONNECTOME_DERIVED,MaleCNS,male-cns:v1.0,111787,LC4_L,LC4,10010,DNp01(GF)_L,DNp01,30,https://neuprint.janelia.org/api/custom/custom,DIRECT_CONNECTOME,Direct ConnectsTo edge returned by neuPrint
CONNECTOME_DERIVED,MaleCNS,male-cns:v1.0,20182,LPLC2_R,LPLC2,10001,DNp01(GF)_R,DNp01,59,https://neuprint.janelia.org/api/custom/custom,DIRECT_CONNECTOME,Direct ConnectsTo edge returned by neuPrint
CONNECTOME_DERIVED,MaleCNS,male-cns:v1.0,20269,LPLC2_R,LPLC2,10001,DNp01(GF)_R,DNp01,53,https://neuprint.janelia.org/api/custom/custom,DIRECT_CONNECTOME,Direct ConnectsTo edge returned by neuPrint
CONNECTOME_DERIVED,MaleCNS,male-cns:v1.0,19608,LPLC2_R,LPLC2,10001,DNp01(GF)_R,DNp01,49,https://neuprint.janelia.org/api/custom/custom,DIRECT_CONNECTOME,Direct ConnectsTo edge returned by neuPrint
CONNECTOME_DERIVED,MaleCNS,male-cns:v1.0,24187,LPLC2_R,LPLC2,10001,DNp01(GF)_R,DNp01,48,https://neuprint.janelia.org/api/custom/custom,DIRECT_CONNECTOME,Direct ConnectsTo edge returned by neuPrint
CONNECTOME_DERIVED,MaleCNS,male-cns:v1.0,20103,LPLC2_R,LPLC2,10001,DNp01(GF)_R,DNp01,48,https://neuprint.janelia.org/api/custom/custom,DIRECT_CONNECTOME,Direct ConnectsTo edge returned by neuPrint
CONNECTOME_DERIVED,MaleCNS,male-cns:v1.0,24401,LPLC2_R,LPLC2,10001,DNp01(GF)_R,DNp01,47,https://neuprint.janelia.org/api/custom/custom,DIRECT_CONNECTOME,Direct ConnectsTo edge returned by neuPrint
CONNECTOME_DERIVED,MaleCNS,male-cns:v1.0,21562,LPLC2_R,LPLC2,10001,DNp01(GF)_R,DNp01,47,https://neuprint.janelia.org/api/custom/custom,DIRECT_CONNECTOME,Direct ConnectsTo edge returned by neuPrint
CONNECTOME_DERIVED,MaleCNS,male-cns:v1.0,20047,LPLC2_R,LPLC2,10001,DNp01(GF)_R,DNp01,47,https://neuprint.janelia.org/api/custom/custom,DIRECT_CONNECTOME,Direct ConnectsTo edge returned by neuPrint
CONNECTOME_DERIVED,MaleCNS,male-cns:v1.0,23878,LPLC2_R,LPLC2,10001,DNp01(GF)_R,DNp01,46,https://neuprint.janelia.org/api/custom/custom,DIRECT_CONNECTOME,Direct ConnectsTo edge returned by neuPrint
CONNECTOME_DERIVED,MaleCNS,male-cns:v1.0,20162,LPLC2_R,LPLC2,10001,DNp01(GF)_R,DNp01,45,https://neuprint.janelia.org/api/custom/custom,DIRECT_CONNECTOME,Direct ConnectsTo edge returned by neuPrint
CONNECTOME_DERIVED,MaleCNS,male-cns:v1.0,31964,LPLC2_R,LPLC2,10001,DNp01(GF)_R,DNp01,44,https://neuprint.janelia.org/api/custom/custom,DIRECT_CONNECTOME,Direct ConnectsTo edge returned by neuPrint
CONNECTOME_DERIVED,MaleCNS,male-cns:v1.0,28044,LPLC2_R,LPLC2,10001,DNp01(GF)_R,DNp01,43,https://neuprint.janelia.org/api/custom/custom,DIRECT_CONNECTOME,Direct ConnectsTo edge returned by neuPrint
CONNECTOME_DERIVED,MaleCNS,male-cns:v1.0,20471,LPLC2_R,LPLC2,10001,DNp01(GF)_R,DNp01,43,https://neuprint.janelia.org/api/custom/custom,DIRECT_CONNECTOME,Direct ConnectsTo edge returned by neuPrint
CONNECTOME_DERIVED,MaleCNS,male-cns:v1.0,26147,LPLC2_R,LPLC2,10001,DNp01(GF)_R,DNp01,42,https://neuprint.janelia.org/api/custom/custom,DIRECT_CONNECTOME,Direct ConnectsTo edge returned by neuPrint
CONNECTOME_DERIVED,MaleCNS,male-cns:v1.0,33185,LPLC2_R,LPLC2,10001,DNp01(GF)_R,DNp01,41,https://neuprint.janelia.org/api/custom/custom,DIRECT_CONNECTOME,Direct ConnectsTo edge returned by neuPrint
CONNECTOME_DERIVED,MaleCNS,male-cns:v1.0,28871,LPLC2_R,LPLC2,10001,DNp01(GF)_R,DNp01,41,https://neuprint.janelia.org/api/custom/custom,DIRECT_CONNECTOME,Direct ConnectsTo edge returned by neuPrint
CONNECTOME_DERIVED,MaleCNS,male-cns:v1.0,24800,LPLC2_R,LPLC2,10001,DNp01(GF)_R,DNp01,41,https://neuprint.janelia.org/api/custom/custom,DIRECT_CONNECTOME,Direct ConnectsTo edge returned by neuPrint
CONNECTOME_DERIVED,MaleCNS,male-cns:v1.0,23497,LPLC2_R,LPLC2,10001,DNp01(GF)_R,DNp01,41,https://neuprint.janelia.org/api/custom/custom,DIRECT_CONNECTOME,Direct ConnectsTo edge returned by neuPrint
CONNECTOME_DERIVED,MaleCNS,male-cns:v1.0,35889,LPLC2_R,LPLC2,10001,DNp01(GF)_R,DNp01,38,https://neuprint.janelia.org/api/custom/custom,DIRECT_CONNECTOME,Direct ConnectsTo edge returned by neuPrint
CONNECTOME_DERIVED,MaleCNS,male-cns:v1.0,21808,LPLC2_R,LPLC2,10001,DNp01(GF)_R,DNp01,38,https://neuprint.janelia.org/api/custom/custom,DIRECT_CONNECTOME,Direct ConnectsTo edge returned by neuPrint
CONNECTOME_DERIVED,MaleCNS,male-cns:v1.0,22261,LPLC2_R,LPLC2,10001,DNp01(GF)_R,DNp01,37,https://neuprint.janelia.org/api/custom/custom,DIRECT_CONNECTOME,Direct ConnectsTo edge returned by neuPrint
CONNECTOME_DERIVED,MaleCNS,male-cns:v1.0,20535,LPLC2_R,LPLC2,10001,DNp01(GF)_R,DNp01,37,https://neuprint.janelia.org/api/custom/custom,DIRECT_CONNECTOME,Direct ConnectsTo edge returned by neuPrint
CONNECTOME_DERIVED,MaleCNS,male-cns:v1.0,17551,LPLC2_R,LPLC2,10001,DNp01(GF)_R,DNp01,37,https://neuprint.janelia.org/api/custom/custom,DIRECT_CONNECTOME,Direct ConnectsTo edge returned by neuPrint
CONNECTOME_DERIVED,MaleCNS,male-cns:v1.0,26393,LPLC2_R,LPLC2,10001,DNp01(GF)_R,DNp01,36,https://neuprint.janelia.org/api/custom/custom,DIRECT_CONNECTOME,Direct ConnectsTo edge returned by neuPrint
CONNECTOME_DERIVED,MaleCNS,male-cns:v1.0,18672,LPLC2_R,LPLC2,10001,DNp01(GF)_R,DNp01,36,https://neuprint.janelia.org/api/custom/custom,DIRECT_CONNECTOME,Direct ConnectsTo edge returned by neuPrint
CONNECTOME_DERIVED,MaleCNS,male-cns:v1.0,24118,LPLC2_R,LPLC2,10001,DNp01(GF)_R,DNp01,35,https://neuprint.janelia.org/api/custom/custom,DIRECT_CONNECTOME,Direct ConnectsTo edge returned by neuPrint
CONNECTOME_DERIVED,MaleCNS,male-cns:v1.0,19229,LPLC2_R,LPLC2,10001,DNp01(GF)_R,DNp01,34,https://neuprint.janelia.org/api/custom/custom,DIRECT_CONNECTOME,Direct ConnectsTo edge returned by neuPrint
CONNECTOME_DERIVED,MaleCNS,male-cns:v1.0,19146,LPLC2_R,LPLC2,10001,DNp01(GF)_R,DNp01,34,https://neuprint.janelia.org/api/custom/custom,DIRECT_CONNECTOME,Direct ConnectsTo edge returned by neuPrint
CONNECTOME_DERIVED,MaleCNS,male-cns:v1.0,23590,LPLC2_R,LPLC2,10001,DNp01(GF)_R,DNp01,33,https://neuprint.janelia.org/api/custom/custom,DIRECT_CONNECTOME,Direct ConnectsTo edge returned by neuPrint
CONNECTOME_DERIVED,MaleCNS,male-cns:v1.0,29391,LPLC2_R,LPLC2,10001,DNp01(GF)_R,DNp01,32,https://neuprint.janelia.org/api/custom/custom,DIRECT_CONNECTOME,Direct ConnectsTo edge returned by neuPrint
CONNECTOME_DERIVED,MaleCNS,male-cns:v1.0,25497,LPLC2_R,LPLC2,10001,DNp01(GF)_R,DNp01,32,https://neuprint.janelia.org/api/custom/custom,DIRECT_CONNECTOME,Direct ConnectsTo edge returned by neuPrint
CONNECTOME_DERIVED,MaleCNS,male-cns:v1.0,25253,LPLC2_R,LPLC2,10001,DNp01(GF)_R,DNp01,32,https://neuprint.janelia.org/api/custom/custom,DIRECT_CONNECTOME,Direct ConnectsTo edge returned by neuPrint
CONNECTOME_DERIVED,MaleCNS,male-cns:v1.0,29014,LPLC2_R,LPLC2,10001,DNp01(GF)_R,DNp01,31,https://neuprint.janelia.org/api/custom/custom,DIRECT_CONNECTOME,Direct ConnectsTo edge returned by neuPrint
CONNECTOME_DERIVED,MaleCNS,male-cns:v1.0,21862,LPLC2_R,LPLC2,10001,DNp01(GF)_R,DNp01,30,https://neuprint.janelia.org/api/custom/custom,DIRECT_CONNECTOME,Direct ConnectsTo edge returned by neuPrint
CONNECTOME_DERIVED,MaleCNS,male-cns:v1.0,29287,LPLC2_R,LPLC2,10001,DNp01(GF)_R,DNp01,29,https://neuprint.janelia.org/api/custom/custom,DIRECT_CONNECTOME,Direct ConnectsTo edge returned by neuPrint
CONNECTOME_DERIVED,MaleCNS,male-cns:v1.0,24268,LPLC2_R,LPLC2,10001,DNp01(GF)_R,DNp01,29,https://neuprint.janelia.org/api/custom/custom,DIRECT_CONNECTOME,Direct ConnectsTo edge returned by neuPrint
CONNECTOME_DERIVED,MaleCNS,male-cns:v1.0,28741,LPLC2_R,LPLC2,10001,DNp01(GF)_R,DNp01,28,https://neuprint.janelia.org/api/custom/custom,DIRECT_CONNECTOME,Direct ConnectsTo edge returned by neuPrint
CONNECTOME_DERIVED,MaleCNS,male-cns:v1.0,19034,LPLC2_R,LPLC2,10001,DNp01(GF)_R,DNp01,28,https://neuprint.janelia.org/api/custom/custom,DIRECT_CONNECTOME,Direct ConnectsTo edge returned by neuPrint
CONNECTOME_DERIVED,MaleCNS,male-cns:v1.0,21045,LPLC2_R,LPLC2,10001,DNp01(GF)_R,DNp01,27,https://neuprint.janelia.org/api/custom/custom,DIRECT_CONNECTOME,Direct ConnectsTo edge returned by neuPrint
CONNECTOME_DERIVED,MaleCNS,male-cns:v1.0,28003,LPLC2_R,LPLC2,10001,DNp01(GF)_R,DNp01,25,https://neuprint.janelia.org/api/custom/custom,DIRECT_CONNECTOME,Direct ConnectsTo edge returned by neuPrint
CONNECTOME_DERIVED,MaleCNS,male-cns:v1.0,31988,LPLC2_R,LPLC2,10001,DNp01(GF)_R,DNp01,24,https://neuprint.janelia.org/api/custom/custom,DIRECT_CONNECTOME,Direct ConnectsTo edge returned by neuPrint
CONNECTOME_DERIVED,MaleCNS,male-cns:v1.0,30938,LPLC2_R,LPLC2,10001,DNp01(GF)_R,DNp01,23,https://neuprint.janelia.org/api/custom/custom,DIRECT_CONNECTOME,Direct ConnectsTo edge returned by neuPrint
CONNECTOME_DERIVED,MaleCNS,male-cns:v1.0,39620,LPLC2_R,LPLC2,10001,DNp01(GF)_R,DNp01,21,https://neuprint.janelia.org/api/custom/custom,DIRECT_CONNECTOME,Direct ConnectsTo edge returned by neuPrint
CONNECTOME_DERIVED,MaleCNS,male-cns:v1.0,37431,LPLC2_R,LPLC2,10001,DNp01(GF)_R,DNp01,21,https://neuprint.janelia.org/api/custom/custom,DIRECT_CONNECTOME,Direct ConnectsTo edge returned by neuPrint
CONNECTOME_DERIVED,MaleCNS,male-cns:v1.0,35680,LPLC2_R,LPLC2,10001,DNp01(GF)_R,DNp01,21,https://neuprint.janelia.org/api/custom/custom,DIRECT_CONNECTOME,Direct ConnectsTo edge returned by neuPrint
CONNECTOME_DERIVED,MaleCNS,male-cns:v1.0,33439,LPLC2_R,LPLC2,10001,DNp01(GF)_R,DNp01,21,https://neuprint.janelia.org/api/custom/custom,DIRECT_CONNECTOME,Direct ConnectsTo edge returned by neuPrint
CONNECTOME_DERIVED,MaleCNS,male-cns:v1.0,33396,LPLC2_R,LPLC2,10001,DNp01(GF)_R,DNp01,21,https://neuprint.janelia.org/api/custom/custom,DIRECT_CONNECTOME,Direct ConnectsTo edge returned by neuPrint
CONNECTOME_DERIVED,MaleCNS,male-cns:v1.0,26915,LPLC2_R,LPLC2,10001,DNp01(GF)_R,DNp01,21,https://neuprint.janelia.org/api/custom/custom,DIRECT_CONNECTOME,Direct ConnectsTo edge returned by neuPrint
CONNECTOME_DERIVED,MaleCNS,male-cns:v1.0,25511,LPLC2_R,LPLC2,10001,DNp01(GF)_R,DNp01,21,https://neuprint.janelia.org/api/custom/custom,DIRECT_CONNECTOME,Direct ConnectsTo edge returned by neuPrint
CONNECTOME_DERIVED,MaleCNS,male-cns:v1.0,14465,LPLC2_R,LPLC2,10001,DNp01(GF)_R,DNp01,21,https://neuprint.janelia.org/api/custom/custom,DIRECT_CONNECTOME,Direct ConnectsTo edge returned by neuPrint
CONNECTOME_DERIVED,MaleCNS,male-cns:v1.0,25636,LPLC2_R,LPLC2,10001,DNp01(GF)_R,DNp01,20,https://neuprint.janelia.org/api/custom/custom,DIRECT_CONNECTOME,Direct ConnectsTo edge returned by neuPrint
CONNECTOME_DERIVED,MaleCNS,male-cns:v1.0,19589,LPLC2_R,LPLC2,10001,DNp01(GF)_R,DNp01,20,https://neuprint.janelia.org/api/custom/custom,DIRECT_CONNECTOME,Direct ConnectsTo edge returned by neuPrint
CONNECTOME_DERIVED,MaleCNS,male-cns:v1.0,34681,LPLC2_R,LPLC2,10001,DNp01(GF)_R,DNp01,19,https://neuprint.janelia.org/api/custom/custom,DIRECT_CONNECTOME,Direct ConnectsTo edge returned by neuPrint
CONNECTOME_DERIVED,MaleCNS,male-cns:v1.0,32507,LPLC2_R,LPLC2,10001,DNp01(GF)_R,DNp01,19,https://neuprint.janelia.org/api/custom/custom,DIRECT_CONNECTOME,Direct ConnectsTo edge returned by neuPrint
CONNECTOME_DERIVED,MaleCNS,male-cns:v1.0,31257,LPLC2_R,LPLC2,10001,DNp01(GF)_R,DNp01,19,https://neuprint.janelia.org/api/custom/custom,DIRECT_CONNECTOME,Direct ConnectsTo edge returned by neuPrint
CONNECTOME_DERIVED,MaleCNS,male-cns:v1.0,20694,LPLC2_R,LPLC2,10001,DNp01(GF)_R,DNp01,19,https://neuprint.janelia.org/api/custom/custom,DIRECT_CONNECTOME,Direct ConnectsTo edge returned by neuPrint
CONNECTOME_DERIVED,MaleCNS,male-cns:v1.0,29986,LPLC2_R,LPLC2,10001,DNp01(GF)_R,DNp01,18,https://neuprint.janelia.org/api/custom/custom,DIRECT_CONNECTOME,Direct ConnectsTo edge returned by neuPrint
CONNECTOME_DERIVED,MaleCNS,male-cns:v1.0,50287,LPLC2_R,LPLC2,10001,DNp01(GF)_R,DNp01,17,https://neuprint.janelia.org/api/custom/custom,DIRECT_CONNECTOME,Direct ConnectsTo edge returned by neuPrint
CONNECTOME_DERIVED,MaleCNS,male-cns:v1.0,29216,LPLC2_R,LPLC2,10001,DNp01(GF)_R,DNp01,17,https://neuprint.janelia.org/api/custom/custom,DIRECT_CONNECTOME,Direct ConnectsTo edge returned by neuPrint
CONNECTOME_DERIVED,MaleCNS,male-cns:v1.0,27471,LPLC2_R,LPLC2,10001,DNp01(GF)_R,DNp01,17,https://neuprint.janelia.org/api/custom/custom,DIRECT_CONNECTOME,Direct ConnectsTo edge returned by neuPrint
CONNECTOME_DERIVED,MaleCNS,male-cns:v1.0,55627,LPLC2_R,LPLC2,10001,DNp01(GF)_R,DNp01,16,https://neuprint.janelia.org/api/custom/custom,DIRECT_CONNECTOME,Direct ConnectsTo edge returned by neuPrint
CONNECTOME_DERIVED,MaleCNS,male-cns:v1.0,34110,LPLC2_R,LPLC2,10001,DNp01(GF)_R,DNp01,16,https://neuprint.janelia.org/api/custom/custom,DIRECT_CONNECTOME,Direct ConnectsTo edge returned by neuPrint
CONNECTOME_DERIVED,MaleCNS,male-cns:v1.0,29873,LPLC2_R,LPLC2,10001,DNp01(GF)_R,DNp01,16,https://neuprint.janelia.org/api/custom/custom,DIRECT_CONNECTOME,Direct ConnectsTo edge returned by neuPrint
CONNECTOME_DERIVED,MaleCNS,male-cns:v1.0,21899,LPLC2_R,LPLC2,10001,DNp01(GF)_R,DNp01,15,https://neuprint.janelia.org/api/custom/custom,DIRECT_CONNECTOME,Direct ConnectsTo edge returned by neuPrint
CONNECTOME_DERIVED,MaleCNS,male-cns:v1.0,29598,LPLC2_R,LPLC2,10001,DNp01(GF)_R,DNp01,14,https://neuprint.janelia.org/api/custom/custom,DIRECT_CONNECTOME,Direct ConnectsTo edge returned by neuPrint
CONNECTOME_DERIVED,MaleCNS,male-cns:v1.0,22218,LPLC2_R,LPLC2,10001,DNp01(GF)_R,DNp01,14,https://neuprint.janelia.org/api/custom/custom,DIRECT_CONNECTOME,Direct ConnectsTo edge returned by neuPrint
CONNECTOME_DERIVED,MaleCNS,male-cns:v1.0,21703,LPLC2_R,LPLC2,10001,DNp01(GF)_R,DNp01,14,https://neuprint.janelia.org/api/custom/custom,DIRECT_CONNECTOME,Direct ConnectsTo edge returned by neuPrint
CONNECTOME_DERIVED,MaleCNS,male-cns:v1.0,20334,LPLC2_R,LPLC2,10001,DNp01(GF)_R,DNp01,14,https://neuprint.janelia.org/api/custom/custom,DIRECT_CONNECTOME,Direct ConnectsTo edge returned by neuPrint
CONNECTOME_DERIVED,MaleCNS,male-cns:v1.0,29183,LPLC2_R,LPLC2,10001,DNp01(GF)_R,DNp01,13,https://neuprint.janelia.org/api/custom/custom,DIRECT_CONNECTOME,Direct ConnectsTo edge returned by neuPrint
CONNECTOME_DERIVED,MaleCNS,male-cns:v1.0,30041,LPLC2_R,LPLC2,10001,DNp01(GF)_R,DNp01,12,https://neuprint.janelia.org/api/custom/custom,DIRECT_CONNECTOME,Direct ConnectsTo edge returned by neuPrint
CONNECTOME_DERIVED,MaleCNS,male-cns:v1.0,21769,LPLC2_R,LPLC2,10001,DNp01(GF)_R,DNp01,12,https://neuprint.janelia.org/api/custom/custom,DIRECT_CONNECTOME,Direct ConnectsTo edge returned by neuPrint
CONNECTOME_DERIVED,MaleCNS,male-cns:v1.0,20749,LPLC2_R,LPLC2,10001,DNp01(GF)_R,DNp01,12,https://neuprint.janelia.org/api/custom/custom,DIRECT_CONNECTOME,Direct ConnectsTo edge returned by neuPrint
CONNECTOME_DERIVED,MaleCNS,male-cns:v1.0,33694,LPLC2_R,LPLC2,10001,DNp01(GF)_R,DNp01,11,https://neuprint.janelia.org/api/custom/custom,DIRECT_CONNECTOME,Direct ConnectsTo edge returned by neuPrint
CONNECTOME_DERIVED,MaleCNS,male-cns:v1.0,27566,LPLC2_R,LPLC2,10001,DNp01(GF)_R,DNp01,10,https://neuprint.janelia.org/api/custom/custom,DIRECT_CONNECTOME,Direct ConnectsTo edge returned by neuPrint
CONNECTOME_DERIVED,MaleCNS,male-cns:v1.0,37925,LPLC2_R,LPLC2,10001,DNp01(GF)_R,DNp01,9,https://neuprint.janelia.org/api/custom/custom,DIRECT_CONNECTOME,Direct ConnectsTo edge returned by neuPrint
CONNECTOME_DERIVED,MaleCNS,male-cns:v1.0,34372,LPLC2_R,LPLC2,10001,DNp01(GF)_R,DNp01,9,https://neuprint.janelia.org/api/custom/custom,DIRECT_CONNECTOME,Direct ConnectsTo edge returned by neuPrint
CONNECTOME_DERIVED,MaleCNS,male-cns:v1.0,22677,LPLC2_R,LPLC2,10001,DNp01(GF)_R,DNp01,9,https://neuprint.janelia.org/api/custom/custom,DIRECT_CONNECTOME,Direct ConnectsTo edge returned by neuPrint
CONNECTOME_DERIVED,MaleCNS,male-cns:v1.0,20584,LPLC2_R,LPLC2,10001,DNp01(GF)_R,DNp01,8,https://neuprint.janelia.org/api/custom/custom,DIRECT_CONNECTOME,Direct ConnectsTo edge returned by neuPrint
CONNECTOME_DERIVED,MaleCNS,male-cns:v1.0,25267,LPLC2_R,LPLC2,10001,DNp01(GF)_R,DNp01,7,https://neuprint.janelia.org/api/custom/custom,DIRECT_CONNECTOME,Direct ConnectsTo edge returned by neuPrint
CONNECTOME_DERIVED,MaleCNS,male-cns:v1.0,25316,LPLC2_R,LPLC2,10001,DNp01(GF)_R,DNp01,6,https://neuprint.janelia.org/api/custom/custom,DIRECT_CONNECTOME,Direct ConnectsTo edge returned by neuPrint
CONNECTOME_DERIVED,MaleCNS,male-cns:v1.0,38542,LPLC2_R,LPLC2,10001,DNp01(GF)_R,DNp01,5,https://neuprint.janelia.org/api/custom/custom,DIRECT_CONNECTOME,Direct ConnectsTo edge returned by neuPrint
CONNECTOME_DERIVED,MaleCNS,male-cns:v1.0,37613,LPLC2_R,LPLC2,10001,DNp01(GF)_R,DNp01,5,https://neuprint.janelia.org/api/custom/custom,DIRECT_CONNECTOME,Direct ConnectsTo edge returned by neuPrint
CONNECTOME_DERIVED,MaleCNS,male-cns:v1.0,19842,LPLC2_R,LPLC2,10001,DNp01(GF)_R,DNp01,5,https://neuprint.janelia.org/api/custom/custom,DIRECT_CONNECTOME,Direct ConnectsTo edge returned by neuPrint
CONNECTOME_DERIVED,MaleCNS,male-cns:v1.0,18929,LPLC2_R,LPLC2,10001,DNp01(GF)_R,DNp01,5,https://neuprint.janelia.org/api/custom/custom,DIRECT_CONNECTOME,Direct ConnectsTo edge returned by neuPrint
CONNECTOME_DERIVED,MaleCNS,male-cns:v1.0,35838,LPLC2_R,LPLC2,10001,DNp01(GF)_R,DNp01,4,https://neuprint.janelia.org/api/custom/custom,DIRECT_CONNECTOME,Direct ConnectsTo edge returned by neuPrint
CONNECTOME_DERIVED,MaleCNS,male-cns:v1.0,35632,LPLC2_R,LPLC2,10001,DNp01(GF)_R,DNp01,4,https://neuprint.janelia.org/api/custom/custom,DIRECT_CONNECTOME,Direct ConnectsTo edge returned by neuPrint
CONNECTOME_DERIVED,MaleCNS,male-cns:v1.0,21318,LPLC2_R,LPLC2,10001,DNp01(GF)_R,DNp01,4,https://neuprint.janelia.org/api/custom/custom,DIRECT_CONNECTOME,Direct ConnectsTo edge returned by neuPrint
CONNECTOME_DERIVED,MaleCNS,male-cns:v1.0,30207,LPLC2_R,LPLC2,10001,DNp01(GF)_R,DNp01,3,https://neuprint.janelia.org/api/custom/custom,DIRECT_CONNECTOME,Direct ConnectsTo edge returned by neuPrint
CONNECTOME_DERIVED,MaleCNS,male-cns:v1.0,26730,LPLC2_R,LPLC2,10001,DNp01(GF)_R,DNp01,3,https://neuprint.janelia.org/api/custom/custom,DIRECT_CONNECTOME,Direct ConnectsTo edge returned by neuPrint
CONNECTOME_DERIVED,MaleCNS,male-cns:v1.0,19549,LPLC2_R,LPLC2,10001,DNp01(GF)_R,DNp01,1,https://neuprint.janelia.org/api/custom/custom,DIRECT_CONNECTOME,Direct ConnectsTo edge returned by neuPrint
CONNECTOME_DERIVED,MaleCNS,male-cns:v1.0,19249,LPLC2_R,LPLC2,10001,DNp01(GF)_R,DNp01,1,https://neuprint.janelia.org/api/custom/custom,DIRECT_CONNECTOME,Direct ConnectsTo edge returned by neuPrint
CONNECTOME_DERIVED,MaleCNS,male-cns:v1.0,31563,LPLC2_L,LPLC2,10010,DNp01(GF)_L,DNp01,64,https://neuprint.janelia.org/api/custom/custom,DIRECT_CONNECTOME,Direct ConnectsTo edge returned by neuPrint
CONNECTOME_DERIVED,MaleCNS,male-cns:v1.0,22253,LPLC2_L,LPLC2,10010,DNp01(GF)_L,DNp01,60,https://neuprint.janelia.org/api/custom/custom,DIRECT_CONNECTOME,Direct ConnectsTo edge returned by neuPrint
CONNECTOME_DERIVED,MaleCNS,male-cns:v1.0,19787,LPLC2_L,LPLC2,10010,DNp01(GF)_L,DNp01,55,https://neuprint.janelia.org/api/custom/custom,DIRECT_CONNECTOME,Direct ConnectsTo edge returned by neuPrint
CONNECTOME_DERIVED,MaleCNS,male-cns:v1.0,22557,LPLC2_L,LPLC2,10010,DNp01(GF)_L,DNp01,54,https://neuprint.janelia.org/api/custom/custom,DIRECT_CONNECTOME,Direct ConnectsTo edge returned by neuPrint
CONNECTOME_DERIVED,MaleCNS,male-cns:v1.0,533895,LPLC2_L,LPLC2,10010,DNp01(GF)_L,DNp01,50,https://neuprint.janelia.org/api/custom/custom,DIRECT_CONNECTOME,Direct ConnectsTo edge returned by neuPrint
CONNECTOME_DERIVED,MaleCNS,male-cns:v1.0,518731,LPLC2_L,LPLC2,10010,DNp01(GF)_L,DNp01,48,https://neuprint.janelia.org/api/custom/custom,DIRECT_CONNECTOME,Direct ConnectsTo edge returned by neuPrint
CONNECTOME_DERIVED,MaleCNS,male-cns:v1.0,25854,LPLC2_L,LPLC2,10010,DNp01(GF)_L,DNp01,48,https://neuprint.janelia.org/api/custom/custom,DIRECT_CONNECTOME,Direct ConnectsTo edge returned by neuPrint
CONNECTOME_DERIVED,MaleCNS,male-cns:v1.0,23919,LPLC2_L,LPLC2,10010,DNp01(GF)_L,DNp01,47,https://neuprint.janelia.org/api/custom/custom,DIRECT_CONNECTOME,Direct ConnectsTo edge returned by neuPrint
CONNECTOME_DERIVED,MaleCNS,male-cns:v1.0,520764,LPLC2_L,LPLC2,10010,DNp01(GF)_L,DNp01,46,https://neuprint.janelia.org/api/custom/custom,DIRECT_CONNECTOME,Direct ConnectsTo edge returned by neuPrint
CONNECTOME_DERIVED,MaleCNS,male-cns:v1.0,20799,LPLC2_L,LPLC2,10010,DNp01(GF)_L,DNp01,46,https://neuprint.janelia.org/api/custom/custom,DIRECT_CONNECTOME,Direct ConnectsTo edge returned by neuPrint
CONNECTOME_DERIVED,MaleCNS,male-cns:v1.0,515971,LPLC2_L,LPLC2,10010,DNp01(GF)_L,DNp01,45,https://neuprint.janelia.org/api/custom/custom,DIRECT_CONNECTOME,Direct ConnectsTo edge returned by neuPrint
CONNECTOME_DERIVED,MaleCNS,male-cns:v1.0,517819,LPLC2_L,LPLC2,10010,DNp01(GF)_L,DNp01,44,https://neuprint.janelia.org/api/custom/custom,DIRECT_CONNECTOME,Direct ConnectsTo edge returned by neuPrint
CONNECTOME_DERIVED,MaleCNS,male-cns:v1.0,17775,LPLC2_L,LPLC2,10010,DNp01(GF)_L,DNp01,44,https://neuprint.janelia.org/api/custom/custom,DIRECT_CONNECTOME,Direct ConnectsTo edge returned by neuPrint
CONNECTOME_DERIVED,MaleCNS,male-cns:v1.0,517079,LPLC2_L,LPLC2,10010,DNp01(GF)_L,DNp01,43,https://neuprint.janelia.org/api/custom/custom,DIRECT_CONNECTOME,Direct ConnectsTo edge returned by neuPrint
CONNECTOME_DERIVED,MaleCNS,male-cns:v1.0,25524,LPLC2_L,LPLC2,10010,DNp01(GF)_L,DNp01,43,https://neuprint.janelia.org/api/custom/custom,DIRECT_CONNECTOME,Direct ConnectsTo edge returned by neuPrint
CONNECTOME_DERIVED,MaleCNS,male-cns:v1.0,23665,LPLC2_L,LPLC2,10010,DNp01(GF)_L,DNp01,43,https://neuprint.janelia.org/api/custom/custom,DIRECT_CONNECTOME,Direct ConnectsTo edge returned by neuPrint
CONNECTOME_DERIVED,MaleCNS,male-cns:v1.0,13726,LPLC2_L,LPLC2,10010,DNp01(GF)_L,DNp01,43,https://neuprint.janelia.org/api/custom/custom,DIRECT_CONNECTOME,Direct ConnectsTo edge returned by neuPrint
CONNECTOME_DERIVED,MaleCNS,male-cns:v1.0,23349,LPLC2_L,LPLC2,10010,DNp01(GF)_L,DNp01,41,https://neuprint.janelia.org/api/custom/custom,DIRECT_CONNECTOME,Direct ConnectsTo edge returned by neuPrint
CONNECTOME_DERIVED,MaleCNS,male-cns:v1.0,20240,LPLC2_L,LPLC2,10010,DNp01(GF)_L,DNp01,41,https://neuprint.janelia.org/api/custom/custom,DIRECT_CONNECTOME,Direct ConnectsTo edge returned by neuPrint
CONNECTOME_DERIVED,MaleCNS,male-cns:v1.0,521115,LPLC2_L,LPLC2,10010,DNp01(GF)_L,DNp01,40,https://neuprint.janelia.org/api/custom/custom,DIRECT_CONNECTOME,Direct ConnectsTo edge returned by neuPrint
CONNECTOME_DERIVED,MaleCNS,male-cns:v1.0,34407,LPLC2_L,LPLC2,10010,DNp01(GF)_L,DNp01,40,https://neuprint.janelia.org/api/custom/custom,DIRECT_CONNECTOME,Direct ConnectsTo edge returned by neuPrint
CONNECTOME_DERIVED,MaleCNS,male-cns:v1.0,18936,LPLC2_L,LPLC2,10010,DNp01(GF)_L,DNp01,40,https://neuprint.janelia.org/api/custom/custom,DIRECT_CONNECTOME,Direct ConnectsTo edge returned by neuPrint
CONNECTOME_DERIVED,MaleCNS,male-cns:v1.0,41097,LPLC2_L,LPLC2,10010,DNp01(GF)_L,DNp01,39,https://neuprint.janelia.org/api/custom/custom,DIRECT_CONNECTOME,Direct ConnectsTo edge returned by neuPrint
CONNECTOME_DERIVED,MaleCNS,male-cns:v1.0,24568,LPLC2_L,LPLC2,10010,DNp01(GF)_L,DNp01,39,https://neuprint.janelia.org/api/custom/custom,DIRECT_CONNECTOME,Direct ConnectsTo edge returned by neuPrint
CONNECTOME_DERIVED,MaleCNS,male-cns:v1.0,26528,LPLC2_L,LPLC2,10010,DNp01(GF)_L,DNp01,38,https://neuprint.janelia.org/api/custom/custom,DIRECT_CONNECTOME,Direct ConnectsTo edge returned by neuPrint
CONNECTOME_DERIVED,MaleCNS,male-cns:v1.0,24840,LPLC2_L,LPLC2,10010,DNp01(GF)_L,DNp01,38,https://neuprint.janelia.org/api/custom/custom,DIRECT_CONNECTOME,Direct ConnectsTo edge returned by neuPrint
CONNECTOME_DERIVED,MaleCNS,male-cns:v1.0,18900,LPLC2_L,LPLC2,10010,DNp01(GF)_L,DNp01,38,https://neuprint.janelia.org/api/custom/custom,DIRECT_CONNECTOME,Direct ConnectsTo edge returned by neuPrint
CONNECTOME_DERIVED,MaleCNS,male-cns:v1.0,17990,LPLC2_L,LPLC2,10010,DNp01(GF)_L,DNp01,38,https://neuprint.janelia.org/api/custom/custom,DIRECT_CONNECTOME,Direct ConnectsTo edge returned by neuPrint
CONNECTOME_DERIVED,MaleCNS,male-cns:v1.0,514670,LPLC2_L,LPLC2,10010,DNp01(GF)_L,DNp01,37,https://neuprint.janelia.org/api/custom/custom,DIRECT_CONNECTOME,Direct ConnectsTo edge returned by neuPrint
CONNECTOME_DERIVED,MaleCNS,male-cns:v1.0,536444,LPLC2_L,LPLC2,10010,DNp01(GF)_L,DNp01,36,https://neuprint.janelia.org/api/custom/custom,DIRECT_CONNECTOME,Direct ConnectsTo edge returned by neuPrint
CONNECTOME_DERIVED,MaleCNS,male-cns:v1.0,100103,LPLC2_L,LPLC2,10010,DNp01(GF)_L,DNp01,36,https://neuprint.janelia.org/api/custom/custom,DIRECT_CONNECTOME,Direct ConnectsTo edge returned by neuPrint
CONNECTOME_DERIVED,MaleCNS,male-cns:v1.0,28188,LPLC2_L,LPLC2,10010,DNp01(GF)_L,DNp01,36,https://neuprint.janelia.org/api/custom/custom,DIRECT_CONNECTOME,Direct ConnectsTo edge returned by neuPrint
CONNECTOME_DERIVED,MaleCNS,male-cns:v1.0,20329,LPLC2_L,LPLC2,10010,DNp01(GF)_L,DNp01,36,https://neuprint.janelia.org/api/custom/custom,DIRECT_CONNECTOME,Direct ConnectsTo edge returned by neuPrint
CONNECTOME_DERIVED,MaleCNS,male-cns:v1.0,33406,LPLC2_L,LPLC2,10010,DNp01(GF)_L,DNp01,35,https://neuprint.janelia.org/api/custom/custom,DIRECT_CONNECTOME,Direct ConnectsTo edge returned by neuPrint
CONNECTOME_DERIVED,MaleCNS,male-cns:v1.0,21361,LPLC2_L,LPLC2,10010,DNp01(GF)_L,DNp01,34,https://neuprint.janelia.org/api/custom/custom,DIRECT_CONNECTOME,Direct ConnectsTo edge returned by neuPrint
CONNECTOME_DERIVED,MaleCNS,male-cns:v1.0,34655,LPLC2_L,LPLC2,10010,DNp01(GF)_L,DNp01,33,https://neuprint.janelia.org/api/custom/custom,DIRECT_CONNECTOME,Direct ConnectsTo edge returned by neuPrint
CONNECTOME_DERIVED,MaleCNS,male-cns:v1.0,32737,LPLC2_L,LPLC2,10010,DNp01(GF)_L,DNp01,33,https://neuprint.janelia.org/api/custom/custom,DIRECT_CONNECTOME,Direct ConnectsTo edge returned by neuPrint
CONNECTOME_DERIVED,MaleCNS,male-cns:v1.0,29702,LPLC2_L,LPLC2,10010,DNp01(GF)_L,DNp01,33,https://neuprint.janelia.org/api/custom/custom,DIRECT_CONNECTOME,Direct ConnectsTo edge returned by neuPrint
CONNECTOME_DERIVED,MaleCNS,male-cns:v1.0,15804,LPLC2_L,LPLC2,10010,DNp01(GF)_L,DNp01,33,https://neuprint.janelia.org/api/custom/custom,DIRECT_CONNECTOME,Direct ConnectsTo edge returned by neuPrint
CONNECTOME_DERIVED,MaleCNS,male-cns:v1.0,23550,LPLC2_L,LPLC2,10010,DNp01(GF)_L,DNp01,31,https://neuprint.janelia.org/api/custom/custom,DIRECT_CONNECTOME,Direct ConnectsTo edge returned by neuPrint
CONNECTOME_DERIVED,MaleCNS,male-cns:v1.0,23247,LPLC2_L,LPLC2,10010,DNp01(GF)_L,DNp01,31,https://neuprint.janelia.org/api/custom/custom,DIRECT_CONNECTOME,Direct ConnectsTo edge returned by neuPrint
CONNECTOME_DERIVED,MaleCNS,male-cns:v1.0,27716,LPLC2_L,LPLC2,10010,DNp01(GF)_L,DNp01,30,https://neuprint.janelia.org/api/custom/custom,DIRECT_CONNECTOME,Direct ConnectsTo edge returned by neuPrint
CONNECTOME_DERIVED,MaleCNS,male-cns:v1.0,27355,LPLC2_L,LPLC2,10010,DNp01(GF)_L,DNp01,30,https://neuprint.janelia.org/api/custom/custom,DIRECT_CONNECTOME,Direct ConnectsTo edge returned by neuPrint
CONNECTOME_DERIVED,MaleCNS,male-cns:v1.0,25572,LPLC2_L,LPLC2,10010,DNp01(GF)_L,DNp01,30,https://neuprint.janelia.org/api/custom/custom,DIRECT_CONNECTOME,Direct ConnectsTo edge returned by neuPrint
CONNECTOME_DERIVED,MaleCNS,male-cns:v1.0,29955,LPLC2_L,LPLC2,10010,DNp01(GF)_L,DNp01,29,https://neuprint.janelia.org/api/custom/custom,DIRECT_CONNECTOME,Direct ConnectsTo edge returned by neuPrint
CONNECTOME_DERIVED,MaleCNS,male-cns:v1.0,29753,LPLC2_L,LPLC2,10010,DNp01(GF)_L,DNp01,29,https://neuprint.janelia.org/api/custom/custom,DIRECT_CONNECTOME,Direct ConnectsTo edge returned by neuPrint
CONNECTOME_DERIVED,MaleCNS,male-cns:v1.0,27796,LPLC2_L,LPLC2,10010,DNp01(GF)_L,DNp01,29,https://neuprint.janelia.org/api/custom/custom,DIRECT_CONNECTOME,Direct ConnectsTo edge returned by neuPrint
CONNECTOME_DERIVED,MaleCNS,male-cns:v1.0,25209,LPLC2_L,LPLC2,10010,DNp01(GF)_L,DNp01,28,https://neuprint.janelia.org/api/custom/custom,DIRECT_CONNECTOME,Direct ConnectsTo edge returned by neuPrint
CONNECTOME_DERIVED,MaleCNS,male-cns:v1.0,525844,LPLC2_L,LPLC2,10010,DNp01(GF)_L,DNp01,27,https://neuprint.janelia.org/api/custom/custom,DIRECT_CONNECTOME,Direct ConnectsTo edge returned by neuPrint
CONNECTOME_DERIVED,MaleCNS,male-cns:v1.0,30895,LPLC2_L,LPLC2,10010,DNp01(GF)_L,DNp01,27,https://neuprint.janelia.org/api/custom/custom,DIRECT_CONNECTOME,Direct ConnectsTo edge returned by neuPrint
CONNECTOME_DERIVED,MaleCNS,male-cns:v1.0,29815,LPLC2_L,LPLC2,10010,DNp01(GF)_L,DNp01,27,https://neuprint.janelia.org/api/custom/custom,DIRECT_CONNECTOME,Direct ConnectsTo edge returned by neuPrint
CONNECTOME_DERIVED,MaleCNS,male-cns:v1.0,28011,LPLC2_L,LPLC2,10010,DNp01(GF)_L,DNp01,27,https://neuprint.janelia.org/api/custom/custom,DIRECT_CONNECTOME,Direct ConnectsTo edge returned by neuPrint
CONNECTOME_DERIVED,MaleCNS,male-cns:v1.0,24308,LPLC2_L,LPLC2,10010,DNp01(GF)_L,DNp01,27,https://neuprint.janelia.org/api/custom/custom,DIRECT_CONNECTOME,Direct ConnectsTo edge returned by neuPrint
CONNECTOME_DERIVED,MaleCNS,male-cns:v1.0,14102,LPLC2_L,LPLC2,10010,DNp01(GF)_L,DNp01,27,https://neuprint.janelia.org/api/custom/custom,DIRECT_CONNECTOME,Direct ConnectsTo edge returned by neuPrint
CONNECTOME_DERIVED,MaleCNS,male-cns:v1.0,27399,LPLC2_L,LPLC2,10010,DNp01(GF)_L,DNp01,25,https://neuprint.janelia.org/api/custom/custom,DIRECT_CONNECTOME,Direct ConnectsTo edge returned by neuPrint
CONNECTOME_DERIVED,MaleCNS,male-cns:v1.0,33303,LPLC2_L,LPLC2,10010,DNp01(GF)_L,DNp01,24,https://neuprint.janelia.org/api/custom/custom,DIRECT_CONNECTOME,Direct ConnectsTo edge returned by neuPrint
CONNECTOME_DERIVED,MaleCNS,male-cns:v1.0,25575,LPLC2_L,LPLC2,10010,DNp01(GF)_L,DNp01,24,https://neuprint.janelia.org/api/custom/custom,DIRECT_CONNECTOME,Direct ConnectsTo edge returned by neuPrint
CONNECTOME_DERIVED,MaleCNS,male-cns:v1.0,531014,LPLC2_L,LPLC2,10010,DNp01(GF)_L,DNp01,23,https://neuprint.janelia.org/api/custom/custom,DIRECT_CONNECTOME,Direct ConnectsTo edge returned by neuPrint
CONNECTOME_DERIVED,MaleCNS,male-cns:v1.0,40841,LPLC2_L,LPLC2,10010,DNp01(GF)_L,DNp01,23,https://neuprint.janelia.org/api/custom/custom,DIRECT_CONNECTOME,Direct ConnectsTo edge returned by neuPrint
CONNECTOME_DERIVED,MaleCNS,male-cns:v1.0,129687,LPLC2_L,LPLC2,10010,DNp01(GF)_L,DNp01,22,https://neuprint.janelia.org/api/custom/custom,DIRECT_CONNECTOME,Direct ConnectsTo edge returned by neuPrint
CONNECTOME_DERIVED,MaleCNS,male-cns:v1.0,112292,LPLC2_L,LPLC2,10010,DNp01(GF)_L,DNp01,21,https://neuprint.janelia.org/api/custom/custom,DIRECT_CONNECTOME,Direct ConnectsTo edge returned by neuPrint
CONNECTOME_DERIVED,MaleCNS,male-cns:v1.0,524366,LPLC2_L,LPLC2,10010,DNp01(GF)_L,DNp01,20,https://neuprint.janelia.org/api/custom/custom,DIRECT_CONNECTOME,Direct ConnectsTo edge returned by neuPrint
CONNECTOME_DERIVED,MaleCNS,male-cns:v1.0,33965,LPLC2_L,LPLC2,10010,DNp01(GF)_L,DNp01,20,https://neuprint.janelia.org/api/custom/custom,DIRECT_CONNECTOME,Direct ConnectsTo edge returned by neuPrint
CONNECTOME_DERIVED,MaleCNS,male-cns:v1.0,25027,LPLC2_L,LPLC2,10010,DNp01(GF)_L,DNp01,20,https://neuprint.janelia.org/api/custom/custom,DIRECT_CONNECTOME,Direct ConnectsTo edge returned by neuPrint
CONNECTOME_DERIVED,MaleCNS,male-cns:v1.0,12384,LPLC2_L,LPLC2,10010,DNp01(GF)_L,DNp01,20,https://neuprint.janelia.org/api/custom/custom,DIRECT_CONNECTOME,Direct ConnectsTo edge returned by neuPrint
CONNECTOME_DERIVED,MaleCNS,male-cns:v1.0,32237,LPLC2_L,LPLC2,10010,DNp01(GF)_L,DNp01,19,https://neuprint.janelia.org/api/custom/custom,DIRECT_CONNECTOME,Direct ConnectsTo edge returned by neuPrint
CONNECTOME_DERIVED,MaleCNS,male-cns:v1.0,17774,LPLC2_L,LPLC2,10010,DNp01(GF)_L,DNp01,19,https://neuprint.janelia.org/api/custom/custom,DIRECT_CONNECTOME,Direct ConnectsTo edge returned by neuPrint
CONNECTOME_DERIVED,MaleCNS,male-cns:v1.0,134521,LPLC2_L,LPLC2,10010,DNp01(GF)_L,DNp01,18,https://neuprint.janelia.org/api/custom/custom,DIRECT_CONNECTOME,Direct ConnectsTo edge returned by neuPrint
CONNECTOME_DERIVED,MaleCNS,male-cns:v1.0,30512,LPLC2_L,LPLC2,10010,DNp01(GF)_L,DNp01,18,https://neuprint.janelia.org/api/custom/custom,DIRECT_CONNECTOME,Direct ConnectsTo edge returned by neuPrint
CONNECTOME_DERIVED,MaleCNS,male-cns:v1.0,40811,LPLC2_L,LPLC2,10010,DNp01(GF)_L,DNp01,17,https://neuprint.janelia.org/api/custom/custom,DIRECT_CONNECTOME,Direct ConnectsTo edge returned by neuPrint
CONNECTOME_DERIVED,MaleCNS,male-cns:v1.0,34051,LPLC2_L,LPLC2,10010,DNp01(GF)_L,DNp01,17,https://neuprint.janelia.org/api/custom/custom,DIRECT_CONNECTOME,Direct ConnectsTo edge returned by neuPrint
CONNECTOME_DERIVED,MaleCNS,male-cns:v1.0,29319,LPLC2_L,LPLC2,10010,DNp01(GF)_L,DNp01,17,https://neuprint.janelia.org/api/custom/custom,DIRECT_CONNECTOME,Direct ConnectsTo edge returned by neuPrint
CONNECTOME_DERIVED,MaleCNS,male-cns:v1.0,517078,LPLC2_L,LPLC2,10010,DNp01(GF)_L,DNp01,15,https://neuprint.janelia.org/api/custom/custom,DIRECT_CONNECTOME,Direct ConnectsTo edge returned by neuPrint
CONNECTOME_DERIVED,MaleCNS,male-cns:v1.0,25136,LPLC2_L,LPLC2,10010,DNp01(GF)_L,DNp01,15,https://neuprint.janelia.org/api/custom/custom,DIRECT_CONNECTOME,Direct ConnectsTo edge returned by neuPrint
CONNECTOME_DERIVED,MaleCNS,male-cns:v1.0,17880,LPLC2_L,LPLC2,10010,DNp01(GF)_L,DNp01,15,https://neuprint.janelia.org/api/custom/custom,DIRECT_CONNECTOME,Direct ConnectsTo edge returned by neuPrint
CONNECTOME_DERIVED,MaleCNS,male-cns:v1.0,26416,LPLC2_L,LPLC2,10010,DNp01(GF)_L,DNp01,13,https://neuprint.janelia.org/api/custom/custom,DIRECT_CONNECTOME,Direct ConnectsTo edge returned by neuPrint
CONNECTOME_DERIVED,MaleCNS,male-cns:v1.0,19830,LPLC2_L,LPLC2,10010,DNp01(GF)_L,DNp01,12,https://neuprint.janelia.org/api/custom/custom,DIRECT_CONNECTOME,Direct ConnectsTo edge returned by neuPrint
CONNECTOME_DERIVED,MaleCNS,male-cns:v1.0,17059,LPLC2_L,LPLC2,10010,DNp01(GF)_L,DNp01,12,https://neuprint.janelia.org/api/custom/custom,DIRECT_CONNECTOME,Direct ConnectsTo edge returned by neuPrint
CONNECTOME_DERIVED,MaleCNS,male-cns:v1.0,95241,LPLC2_L,LPLC2,10010,DNp01(GF)_L,DNp01,11,https://neuprint.janelia.org/api/custom/custom,DIRECT_CONNECTOME,Direct ConnectsTo edge returned by neuPrint
CONNECTOME_DERIVED,MaleCNS,male-cns:v1.0,35294,LPLC2_L,LPLC2,10010,DNp01(GF)_L,DNp01,11,https://neuprint.janelia.org/api/custom/custom,DIRECT_CONNECTOME,Direct ConnectsTo edge returned by neuPrint
CONNECTOME_DERIVED,MaleCNS,male-cns:v1.0,27023,LPLC2_L,LPLC2,10010,DNp01(GF)_L,DNp01,11,https://neuprint.janelia.org/api/custom/custom,DIRECT_CONNECTOME,Direct ConnectsTo edge returned by neuPrint
CONNECTOME_DERIVED,MaleCNS,male-cns:v1.0,32223,LPLC2_L,LPLC2,10010,DNp01(GF)_L,DNp01,10,https://neuprint.janelia.org/api/custom/custom,DIRECT_CONNECTOME,Direct ConnectsTo edge returned by neuPrint
CONNECTOME_DERIVED,MaleCNS,male-cns:v1.0,24605,LPLC2_L,LPLC2,10010,DNp01(GF)_L,DNp01,10,https://neuprint.janelia.org/api/custom/custom,DIRECT_CONNECTOME,Direct ConnectsTo edge returned by neuPrint
CONNECTOME_DERIVED,MaleCNS,male-cns:v1.0,19911,LPLC2_L,LPLC2,10010,DNp01(GF)_L,DNp01,10,https://neuprint.janelia.org/api/custom/custom,DIRECT_CONNECTOME,Direct ConnectsTo edge returned by neuPrint
CONNECTOME_DERIVED,MaleCNS,male-cns:v1.0,31105,LPLC2_L,LPLC2,10010,DNp01(GF)_L,DNp01,9,https://neuprint.janelia.org/api/custom/custom,DIRECT_CONNECTOME,Direct ConnectsTo edge returned by neuPrint
CONNECTOME_DERIVED,MaleCNS,male-cns:v1.0,17544,LPLC2_L,LPLC2,10010,DNp01(GF)_L,DNp01,9,https://neuprint.janelia.org/api/custom/custom,DIRECT_CONNECTOME,Direct ConnectsTo edge returned by neuPrint
CONNECTOME_DERIVED,MaleCNS,male-cns:v1.0,21299,LPLC2_L,LPLC2,10010,DNp01(GF)_L,DNp01,8,https://neuprint.janelia.org/api/custom/custom,DIRECT_CONNECTOME,Direct ConnectsTo edge returned by neuPrint
CONNECTOME_DERIVED,MaleCNS,male-cns:v1.0,13132,LPLC2_L,LPLC2,10010,DNp01(GF)_L,DNp01,8,https://neuprint.janelia.org/api/custom/custom,DIRECT_CONNECTOME,Direct ConnectsTo edge returned by neuPrint
CONNECTOME_DERIVED,MaleCNS,male-cns:v1.0,111903,LPLC2_L,LPLC2,10010,DNp01(GF)_L,DNp01,6,https://neuprint.janelia.org/api/custom/custom,DIRECT_CONNECTOME,Direct ConnectsTo edge returned by neuPrint
CONNECTOME_DERIVED,MaleCNS,male-cns:v1.0,30893,LPLC2_L,LPLC2,10010,DNp01(GF)_L,DNp01,6,https://neuprint.janelia.org/api/custom/custom,DIRECT_CONNECTOME,Direct ConnectsTo edge returned by neuPrint
CONNECTOME_DERIVED,MaleCNS,male-cns:v1.0,25286,LPLC2_L,LPLC2,10010,DNp01(GF)_L,DNp01,6,https://neuprint.janelia.org/api/custom/custom,DIRECT_CONNECTOME,Direct ConnectsTo edge returned by neuPrint
CONNECTOME_DERIVED,MaleCNS,male-cns:v1.0,13764,LPLC2_L,LPLC2,10010,DNp01(GF)_L,DNp01,6,https://neuprint.janelia.org/api/custom/custom,DIRECT_CONNECTOME,Direct ConnectsTo edge returned by neuPrint
CONNECTOME_DERIVED,MaleCNS,male-cns:v1.0,14030,LPLC2_L,LPLC2,10010,DNp01(GF)_L,DNp01,4,https://neuprint.janelia.org/api/custom/custom,DIRECT_CONNECTOME,Direct ConnectsTo edge returned by neuPrint
CONNECTOME_DERIVED,MaleCNS,male-cns:v1.0,11498,LPLC2_L,LPLC2,10010,DNp01(GF)_L,DNp01,2,https://neuprint.janelia.org/api/custom/custom,DIRECT_CONNECTOME,Direct ConnectsTo edge returned by neuPrint
